Feature,Importance
LC_CORINE,0.12157377465814645
IMPERV,0.09198011315804928
HEIGHT,0.05204734006508298
COAST,0.06151863135880044
ELEV,0.03297430479574644
POP,0.01990312891532104
RH,0.018395176019362157
SP,0.06221674667515359
PRECIP,0.033870421440706705
T_2M,0.05833649163158142
wind_speed,0.03784632924665447
TCC,0.01043716747392019
CAPE,0.015346189437701566
BLH,0.14526611295938285
SSR,0.13713672250160897
SOLAR_ELEV,0.06918481036107574
DECL,0.03196653930170572
