Feature,Importance
LC_CORINE,0.13565713786742062
IMPERV,0.08029967229551209
HEIGHT,0.02599581456333801
COAST,0.014554797409583917
ELEV,0.05074919216754488
POP,0.0388694259294732
RH,0.023793712628254065
SP,0.029035719174117326
PRECIP,0.03532007572641409
T_2M,0.05718981987558713
wind_speed,0.13484291856666383
TCC,0.01108485752032785
CAPE,0.01041475161946045
BLH,0.25054578791789905
SSR,0.04926512422395368
SOLAR_ELEV,0.038631361531771734
DECL,0.013749830982678079
