Feature,Importance
LC_CORINE,0.132664842614391
IMPERV,0.06358099399448355
HEIGHT,0.03470320202729745
COAST,0.02195009679046051
ELEV,0.016518539831608416
POP,0.03027546116464918
RH,0.02861884680611304
SP,0.029220443759934416
PRECIP,0.0680002582011724
T_2M,0.025073122504670226
wind_speed,0.05896643171219673
TCC,0.030438988936693983
CAPE,0.012577555717973596
BLH,0.29085621033193176
SSR,0.07697009678223651
SOLAR_ELEV,0.06660251862256927
DECL,0.01298239020161793
