Feature,Importance
LC_CORINE,0.11822283675110463
IMPERV,0.06851973402572897
HEIGHT,0.0340054861959222
COAST,0.06483371441038074
ELEV,0.02361176876025905
POP,0.03203507866069145
RH,0.019306190626428306
SP,0.04907772500098793
PRECIP,0.037457478214214884
T_2M,0.05302948478318675
wind_speed,0.1093978194668606
TCC,0.01583230177077393
CAPE,0.013568567021610906
BLH,0.18569276395906759
SSR,0.10129215137711171
SOLAR_ELEV,0.05548847837139416
DECL,0.01862842060427618
