LC_CORINE,Threshold
1,0.02203261647617402
2,0.018998186608935687
3,0.01903410486801899
4,0.01893146229194412
6,0.02302693274153319
7,0.019190740781762347
8,0.019318039628860115
9,0.02216428461740757
10,0.025872680250490228
11,0.020375343763088992
12,0.0260756157192467
13,0.02337674337242035
14,0.021489347597831172
