LC_CORINE,Threshold
1,0.021624834239606528
2,0.017895262630340504
3,0.018742020447063655
4,0.01816119973607587
6,0.02272681906210805
7,0.019759481503513525
8,0.01865450688625099
9,0.0478796398311226
10,0.0217494433017122
11,0.01820228422002548
12,0.02146422310152949
13,0.020575027160864717
14,0.018013698674559122
15,0.019914494818587106
