LC_CORINE,Threshold
1,0.02511392411935012
2,0.03097044518417656
3,0.028673646310607405
4,0.03301420560033148
6,0.032840449199277706
7,0.03258204064426913
8,0.029124300365563807
9,0.030112922115967333
10,0.027946974945719173
11,0.030493410770912964
12,0.025013333386595685
13,0.05917227453691895
14,0.09081367871253183
15,0.024826339994516555
