Feature,Min,Max
ELEV,-2.952224995173729,911.9706394567792
COAST,2.734695351781897,5.796777950766667
PRECIP,0.3137634358671607,3975.741842496908
T_TARGET,274.750809587858,294.42172146674244
AHF,0.0660428255796432,27.74030876159668
Longitude,-21.83,28.790385275808784
Latitude,35.277600359790306,65.01935197528766
